{
  "fold_smape": [
    3.4934607481387743,
    2.7721230249735864,
    3.757906148875563
  ],
  "oof_smape": 3.3411633073293077
}