{
  "fold_smape": [
    8.400765862824928,
    9.722479828762168,
    10.751361232646484
  ],
  "oof_smape": 9.624868974744526
}