{
  "fold_smape": [
    3.9376025462378528,
    5.581126215024306,
    8.731194297484311
  ],
  "oof_smape": 6.0833076862488245
}