{
  "fold_smape": [
    10.620984292191253,
    14.4823763271525,
    23.730267209393798
  ],
  "oof_smape": 16.277875942912516
}