{
  "fold_smape": [
    9.814271944077941,
    8.68760570082048,
    11.852125563589217
  ],
  "oof_smape": 10.11800106949588
}