{
  "oof_smape": 8.501083144557223,
  "fold_smape": [
    8.002668920139362,
    8.573854026081213,
    8.926726487451093
  ]
}