{"models": ["lin", "gbm", "cat"], "weights": [0.4799999999995199, 0.17999999999981997, 0.33999999999966], "cv_smape": 9.659505763758123}