{
  "fold_smape": [
    8.136164468180054,
    9.69252070269425,
    10.935795439949333
  ],
  "oof_smape": 9.588160203607881
}