{
  "fold_smape": [
    8.243021868688961,
    10.674035619736335,
    11.789725510120308
  ],
  "oof_smape": 10.235594332848535
}