{
  "fold_smape": [
    8.17497262236721,
    9.953594472387596,
    11.140733019883154
  ],
  "oof_smape": 9.756433371545986
}