{
  "fold_smape": [
    5.2408119777541575,
    7.874620433661615,
    16.50970560045604
  ],
  "oof_smape": 9.875046003957271
}