{
  "fold_smape": [
    15.930850897066707,
    9.940551623979497,
    9.752402991147706
  ],
  "oof_smape": 11.87460183739797
}