{
  "fold_smape": [
    3.9361463958433616,
    6.7193087908849645,
    10.454853231953452
  ],
  "oof_smape": 7.036769472893926
}