{
  "fold_smape": [
    8.213809568773623,
    10.0754994040267,
    11.17684559516227
  ],
  "oof_smape": 9.822051522654196
}