{
  "fold_smape": [
    9.021827827177741,
    9.324043017527812,
    15.290836796807808
  ],
  "oof_smape": 11.212235880504455
}