{
  "fold_smape": [
    8.137773807295577,
    11.241762872288293,
    10.727387246457416
  ],
  "oof_smape": 10.035641308680427
}