{
  "fold_smape": [
    8.291520942114541,
    9.493389305936143,
    10.854548215576179
  ],
  "oof_smape": 9.546486154542286
}