{
  "fold_smape": [
    8.360774818119863,
    9.91810193716515,
    10.636649292373718
  ],
  "oof_smape": 9.63850868255291
}