{
  "fold_smape": [
    8.136566817510376,
    11.21108257487944,
    11.348156843554454
  ],
  "oof_smape": 10.231935411981425
}