{
  "fold_smape": [
    10.093826585852797,
    14.007813104871664,
    8.436187604555284
  ],
  "oof_smape": 10.845942431759914
}