{
  "fold_smape": [
    8.324514298891113,
    9.863335949234207,
    11.029592110116502
  ],
  "oof_smape": 9.739147452747273
}