{
  "fold_smape": [
    8.22761286328945,
    10.204168415349445,
    11.18174316687751
  ],
  "oof_smape": 9.871174815172136
}