{
  "fold_smape": [
    11.590941672629274,
    12.955842032712441,
    11.644047777724472
  ],
  "oof_smape": 12.063610494355398
}