{
  "fold_smape": [
    15.231522156880825,
    11.497914133054467,
    12.106111655597514,
    11.429668318339012,
    10.31929591318627,
    8.962764986091361,
    9.345564058883404,
    8.985276598653428,
    11.904708196178913,
    18.149204233298963
  ],
  "oof_smape": 11.793203025016417
}