{
  "fold_smape": [
    8.20319640455482,
    9.706724561465503,
    10.591284232980751
  ],
  "oof_smape": 9.500401733000356
}