{
  "fold_smape": [
    15.137444712704601,
    11.22484426357352,
    12.789471004637477,
    11.583795938204453,
    10.667899054891638,
    8.786377986607496,
    9.61108459608136,
    9.079923926311308,
    11.406890055288663,
    19.0745408399326
  ],
  "oof_smape": 11.936227237823312
}