{
  "fold_smape": [
    9.865889574331083,
    9.738584302702213,
    9.808628393085602
  ],
  "oof_smape": 9.804367423372966
}