{
  "fold_smape": [
    8.218628397982267,
    9.757092158236516,
    11.129963238703128
  ],
  "oof_smape": 9.701894598307303
}